{
  "llama_output_en": {
    "BLEU": 10.711505788085926,
    "BERTScore": {
      "precision": 0.8416875004768372,
      "recall": 0.9168972373008728,
      "f1": 0.8769170045852661
    }
  },
  "llama_output_hi": {
    "BLEU": 11.168295369780445,
    "BERTScore": {
      "precision": 0.6940920948982239,
      "recall": 0.7289262413978577,
      "f1": 0.7098243236541748
    }
  }
}