{
  "BLEU": 11.799288526750225,
  "BERTScore": {
    "precision": 0.731777548789978,
    "recall": 0.8602200150489807,
    "f1": 0.7877065539360046
  }
}